rank,landkreis_id,landkreis_name,ags,roof_area_m2,sun_hours_mean,sun_percentile,score,lat,lon,maps_url,earth_url
1,09161,Ingolstadt (Stadt),9161000,161973.65710005054,1872.2049560546875,11.947813987731934,303247883.5730171,48.785533,11.41509,"https://maps.google.com/?q=48.785533,11.41509","https://earth.google.com/web/@48.785533,11.41509,500a,35y,0h,0t,0r"
2,09171,Altötting,9171133,159336.5137000387,1865.8983154296875,7.953765392303467,297305732.4993415,48.214593,12.581987,"https://maps.google.com/?q=48.214593,12.581987","https://earth.google.com/web/@48.214593,12.581987,500a,35y,0h,0t,0r"
3,09183,Mühldorf a.Inn,9183136,155378.03945020738,1863.52490234375,7.244220733642578,289550845.79281104,48.233757,12.58601,"https://maps.google.com/?q=48.233757,12.58601","https://earth.google.com/web/@48.233757,12.58601,500a,35y,0h,0t,0r"
4,09171,Altötting,9171122,119905.65924996368,1888.7987060546875,31.099794387817383,226477654.03996566,48.098249,12.65182,"https://maps.google.com/?q=48.098249,12.65182","https://earth.google.com/web/@48.098249,12.65182,500a,35y,0h,0t,0r"
5,09161,Ingolstadt (Stadt),9161000,107126.85609988298,1872.3197021484375,12.096590042114258,200575723.30503142,48.782218,11.394461,"https://maps.google.com/?q=48.782218,11.394461","https://earth.google.com/web/@48.782218,11.394461,500a,35y,0h,0t,0r"
6,09171,Altötting,9171122,81283.00070002585,1887.992919921875,30.395971298217773,153461729.83165362,48.102738,12.653158,"https://maps.google.com/?q=48.102738,12.653158","https://earth.google.com/web/@48.102738,12.653158,500a,35y,0h,0t,0r"
7,09162,München (Stadt),9162000,72148.5083999998,1971.8682861328125,95.50812530517578,142267355.60574645,48.215963,11.472911,"https://maps.google.com/?q=48.215963,11.472911","https://earth.google.com/web/@48.215963,11.472911,500a,35y,0h,0t,0r"
8,09176,Eichstätt,9176139,73596.76020000121,1869.5582275390625,9.887845993041992,137593428.55213168,48.794833,11.505585,"https://maps.google.com/?q=48.794833,11.505585","https://earth.google.com/web/@48.794833,11.505585,500a,35y,0h,0t,0r"
9,09171,Altötting,9171122,61087.70045006359,1888.7987060546875,31.099794387817383,115382369.56593646,48.098981,12.648606,"https://maps.google.com/?q=48.098981,12.648606","https://earth.google.com/web/@48.098981,12.648606,500a,35y,0h,0t,0r"
10,09183,Mühldorf a.Inn,9183123,55616.62180006271,1920.611083984375,61.541542053222656,106817900.28296746,48.167851,12.159792,"https://maps.google.com/?q=48.167851,12.159792","https://earth.google.com/web/@48.167851,12.159792,500a,35y,0h,0t,0r"
11,09162,München (Stadt),9162000,52831.98405001398,1977.2088623046875,96.95582580566406,104459867.07682754,48.177329,11.43367,"https://maps.google.com/?q=48.177329,11.43367","https://earth.google.com/web/@48.177329,11.43367,500a,35y,0h,0t,0r"
12,09189,Traunstein,9189154,53705.70914997283,1902.31396484375,41.445411682128906,102165120.50783007,47.952076,12.611623,"https://maps.google.com/?q=47.952076,12.611623","https://earth.google.com/web/@47.952076,12.611623,500a,35y,0h,0t,0r"
13,09175,Ebersberg,9175132,51727.73030006009,1957.9959716796875,90.6614761352539,101282687.55165097,48.155933,11.781014,"https://maps.google.com/?q=48.155933,11.781014","https://earth.google.com/web/@48.155933,11.781014,500a,35y,0h,0t,0r"
14,09177,Erding,9177133,50015.133700007544,1993.1234130859375,99.61661529541016,99686333.98610853,48.348864,11.840384,"https://maps.google.com/?q=48.348864,11.840384","https://earth.google.com/web/@48.348864,11.840384,500a,35y,0h,0t,0r"
15,09186,Pfaffenhofen a.d.Ilm,9186122,52167.21679998223,1880.48583984375,22.842756271362305,98099712.49642557,48.741039,11.626043,"https://maps.google.com/?q=48.741039,11.626043","https://earth.google.com/web/@48.741039,11.626043,500a,35y,0h,0t,0r"
16,09176,Eichstätt,9176139,51403.53045001541,1870.0792236328125,10.282673835754395,96128674.31595045,48.793477,11.514218,"https://maps.google.com/?q=48.793477,11.514218","https://earth.google.com/web/@48.793477,11.514218,500a,35y,0h,0t,0r"
17,09175,Ebersberg,9175135,48780.721500043546,1960.0294189453125,91.45113372802734,95611649.21746346,48.162512,11.784917,"https://maps.google.com/?q=48.162512,11.784917","https://earth.google.com/web/@48.162512,11.784917,500a,35y,0h,0t,0r"
18,09175,Ebersberg,9175132,47163.24749998205,1957.9959716796875,90.6614761352539,92345448.61629695,48.157991,11.781152,"https://maps.google.com/?q=48.157991,11.781152","https://earth.google.com/web/@48.157991,11.781152,500a,35y,0h,0t,0r"
19,09175,Ebersberg,9175115,47366.87509998794,1927.72021484375,69.47241973876953,91310082.64422582,48.097159,11.958267,"https://maps.google.com/?q=48.097159,11.958267","https://earth.google.com/web/@48.097159,11.958267,500a,35y,0h,0t,0r"
20,09183,Mühldorf a.Inn,9183128,48927.93444991505,1859.938232421875,6.082627773284912,91002935.91682835,48.255212,12.550897,"https://maps.google.com/?q=48.255212,12.550897","https://earth.google.com/web/@48.255212,12.550897,500a,35y,0h,0t,0r"
21,09171,Altötting,9171114,47553.78464998878,1877.829833984375,19.346532821655273,89297915.53461716,48.184571,12.752324,"https://maps.google.com/?q=48.184571,12.752324","https://earth.google.com/web/@48.184571,12.752324,500a,35y,0h,0t,0r"
22,09161,Ingolstadt (Stadt),9161000,46702.79379996724,1872.2049560546875,11.947813987731934,87437202.0138988,48.78898,11.416918,"https://maps.google.com/?q=48.78898,11.416918","https://earth.google.com/web/@48.78898,11.416918,500a,35y,0h,0t,0r"
23,09161,Ingolstadt (Stadt),9161000,45315.06290005763,1872.482666015625,12.308308601379395,84851669.78976566,48.779461,11.396035,"https://maps.google.com/?q=48.779461,11.396035","https://earth.google.com/web/@48.779461,11.396035,500a,35y,0h,0t,0r"
24,09189,Traunstein,9189145,43757.64429998533,1897.2332763671875,37.491416931152344,83018458.86137116,47.811667,12.612906,"https://maps.google.com/?q=47.811667,12.612906","https://earth.google.com/web/@47.811667,12.612906,500a,35y,0h,0t,0r"
25,09175,Ebersberg,9175135,41581.12900005152,1955.834228515625,89.70015716552734,81325795.35862444,48.167126,11.797189,"https://maps.google.com/?q=48.167126,11.797189","https://earth.google.com/web/@48.167126,11.797189,500a,35y,0h,0t,0r"
26,09161,Ingolstadt (Stadt),9161000,42306.73484993752,1872.2049560546875,11.947813987731934,79206878.66054459,48.787547,11.421047,"https://maps.google.com/?q=48.787547,11.421047","https://earth.google.com/web/@48.787547,11.421047,500a,35y,0h,0t,0r"
27,09161,Ingolstadt (Stadt),9161000,41772.82655000627,1872.2049560546875,11.947813987731934,78207292.89533457,48.788968,11.422504,"https://maps.google.com/?q=48.788968,11.422504","https://earth.google.com/web/@48.788968,11.422504,500a,35y,0h,0t,0r"
28,09162,München (Stadt),9162000,38841.66964999878,1971.8682861328125,95.50812530517578,76590656.56327997,48.214753,11.469856,"https://maps.google.com/?q=48.214753,11.469856","https://earth.google.com/web/@48.214753,11.469856,500a,35y,0h,0t,0r"
29,09183,Mühldorf a.Inn,9183116,40976.08180005365,1859.48291015625,5.9853515625,76194323.83236432,48.267638,12.551035,"https://maps.google.com/?q=48.267638,12.551035","https://earth.google.com/web/@48.267638,12.551035,500a,35y,0h,0t,0r"
30,09175,Ebersberg,9175132,38642.115050018314,1957.9959716796875,90.6614761352539,75661105.60511889,48.154667,11.781353,"https://maps.google.com/?q=48.154667,11.781353","https://earth.google.com/web/@48.154667,11.781353,500a,35y,0h,0t,0r"
31,09177,Erding,9177116,38067.914999958935,1979.7730712890625,97.49370574951172,75365832.99703968,48.368579,11.889022,"https://maps.google.com/?q=48.368579,11.889022","https://earth.google.com/web/@48.368579,11.889022,500a,35y,0h,0t,0r"
32,09161,Ingolstadt (Stadt),9161000,40019.33594996961,1872.2049560546875,11.947813987731934,74924399.10355063,48.789965,11.418434,"https://maps.google.com/?q=48.789965,11.418434","https://earth.google.com/web/@48.789965,11.418434,500a,35y,0h,0t,0r"
33,09162,München (Stadt),9162000,38055.90290005545,1965.2144775390625,93.14488220214844,74788011.33500977,48.138195,11.697752,"https://maps.google.com/?q=48.138195,11.697752","https://earth.google.com/web/@48.138195,11.697752,500a,35y,0h,0t,0r"
34,09186,Pfaffenhofen a.d.Ilm,9186139,38706.451550001446,1886.924072265625,29.577707290649414,73036135.18168084,48.757365,11.699143,"https://maps.google.com/?q=48.757365,11.699143","https://earth.google.com/web/@48.757365,11.699143,500a,35y,0h,0t,0r"
35,09171,Altötting,9171118,38487.446450006384,1876.3695068359375,17.01190185546875,72216670.91477303,48.205108,12.838149,"https://maps.google.com/?q=48.205108,12.838149","https://earth.google.com/web/@48.205108,12.838149,500a,35y,0h,0t,0r"
36,09181,Landsberg am Lech,9181130,36815.70205003005,1917.958740234375,58.42870330810547,70610997.52471973,48.064232,10.833122,"https://maps.google.com/?q=48.064232,10.833122","https://earth.google.com/web/@48.064232,10.833122,500a,35y,0h,0t,0r"
37,09161,Ingolstadt (Stadt),9161000,37410.00945004414,1872.2462158203125,12.022201538085938,70040748.62664728,48.787355,11.410655,"https://maps.google.com/?q=48.787355,11.410655","https://earth.google.com/web/@48.787355,11.410655,500a,35y,0h,0t,0r"
38,09186,Pfaffenhofen a.d.Ilm,9186122,36752.40370000041,1881.3397216796875,24.027236938476562,69143756.94801828,48.739798,11.633639,"https://maps.google.com/?q=48.739798,11.633639","https://earth.google.com/web/@48.739798,11.633639,500a,35y,0h,0t,0r"
39,09185,Neuburg-Schrobenhausen,9185149,36903.488900003285,1873.3570556640625,13.172350883483887,69133411.30944157,48.739724,11.23925,"https://maps.google.com/?q=48.739724,11.23925","https://earth.google.com/web/@48.739724,11.23925,500a,35y,0h,0t,0r"
40,09161,Ingolstadt (Stadt),9161000,36848.95520002333,1872.2049560546875,11.947813987731934,68988796.55092083,48.79021,11.423585,"https://maps.google.com/?q=48.79021,11.423585","https://earth.google.com/web/@48.79021,11.423585,500a,35y,0h,0t,0r"
41,09179,Fürstenfeldbruck,9179123,35214.575900072625,1949.20703125,86.65026092529297,68640498.94690835,48.139517,11.366804,"https://maps.google.com/?q=48.139517,11.366804","https://earth.google.com/web/@48.139517,11.366804,500a,35y,0h,0t,0r"
42,09178,Freising,9178120,34777.205849960876,1972.255859375,95.67406463623047,68589548.01027587,48.307701,11.642788,"https://maps.google.com/?q=48.307701,11.642788","https://earth.google.com/web/@48.307701,11.642788,500a,35y,0h,0t,0r"
43,09174,Dachau,9174115,34972.03585006879,1956.6612548828125,90.08926391601562,68428427.5522023,48.272064,11.473802,"https://maps.google.com/?q=48.272064,11.473802","https://earth.google.com/web/@48.272064,11.473802,500a,35y,0h,0t,0r"
44,09184,München (Lkr),9184119,33325.732599998475,1973.8941650390625,96.23483276367188,65781469.12478905,48.248739,11.623321,"https://maps.google.com/?q=48.248739,11.623321","https://earth.google.com/web/@48.248739,11.623321,500a,35y,0h,0t,0r"
45,09175,Ebersberg,9175111,33769.25969997747,1943.510498046875,83.37720489501953,65630910.73817748,48.160147,11.851239,"https://maps.google.com/?q=48.160147,11.851239","https://earth.google.com/web/@48.160147,11.851239,500a,35y,0h,0t,0r"
46,09161,Ingolstadt (Stadt),9161000,34035.4721000596,1872.2049560546875,11.947813987731934,63721379.54739262,48.78664,11.423741,"https://maps.google.com/?q=48.78664,11.423741","https://earth.google.com/web/@48.78664,11.423741,500a,35y,0h,0t,0r"
47,09183,Mühldorf a.Inn,9183136,34162.344999953726,1860.11181640625,6.1627373695373535,63545781.6105609,48.237082,12.576838,"https://maps.google.com/?q=48.237082,12.576838","https://earth.google.com/web/@48.237082,12.576838,500a,35y,0h,0t,0r"
48,09174,Dachau,9174113,32621.018899990413,1934.5443115234375,75.96131896972656,63106806.54907499,48.238294,11.342887,"https://maps.google.com/?q=48.238294,11.342887","https://earth.google.com/web/@48.238294,11.342887,500a,35y,0h,0t,0r"
49,09176,Eichstätt,9176126,33240.527050004035,1872.3465576171875,12.13664436340332,62237786.39545606,48.78477,11.374347,"https://maps.google.com/?q=48.78477,11.374347","https://earth.google.com/web/@48.78477,11.374347,500a,35y,0h,0t,0r"
50,09177,Erding,9177139,31901.4104500026,1917.9029541015625,58.37720489501953,61183809.342066444,48.349145,12.131821,"https://maps.google.com/?q=48.349145,12.131821","https://earth.google.com/web/@48.349145,12.131821,500a,35y,0h,0t,0r"
51,09179,Fürstenfeldbruck,9179121,31431.145649978364,1924.5133056640625,65.95903015136719,60489658.01564848,48.161067,11.219519,"https://maps.google.com/?q=48.161067,11.219519","https://earth.google.com/web/@48.161067,11.219519,500a,35y,0h,0t,0r"
52,09175,Ebersberg,9175132,30863.688999979928,1957.9959716796875,90.6614761352539,60430978.73313538,48.154669,11.77674,"https://maps.google.com/?q=48.154669,11.77674","https://earth.google.com/web/@48.154669,11.77674,500a,35y,0h,0t,0r"
53,09174,Dachau,9174113,30990.70469996474,1934.5443115234375,75.96131896972656,59952891.48741944,48.23679,11.345689,"https://maps.google.com/?q=48.23679,11.345689","https://earth.google.com/web/@48.23679,11.345689,500a,35y,0h,0t,0r"
54,09184,München (Lkr),9184131,30430.427900021794,1965.2662353515625,93.16204833984375,59803892.479212984,48.156115,11.758019,"https://maps.google.com/?q=48.156115,11.758019","https://earth.google.com/web/@48.156115,11.758019,500a,35y,0h,0t,0r"
55,09186,Pfaffenhofen a.d.Ilm,9186162,31128.575200014155,1910.3853759765625,48.952850341796875,59467574.83709374,48.596489,11.575391,"https://maps.google.com/?q=48.596489,11.575391","https://earth.google.com/web/@48.596489,11.575391,500a,35y,0h,0t,0r"
56,09178,Freising,9178120,30049.02950007394,1972.6201171875,95.83428955078125,59275320.0938065,48.310366,11.640973,"https://maps.google.com/?q=48.310366,11.640973","https://earth.google.com/web/@48.310366,11.640973,500a,35y,0h,0t,0r"
57,09184,München (Lkr),9184131,30170.100499993558,1960.04248046875,91.46257781982422,59134678.61999885,48.178531,11.761839,"https://maps.google.com/?q=48.178531,11.761839","https://earth.google.com/web/@48.178531,11.761839,500a,35y,0h,0t,0r"
58,09177,Erding,9177117,29827.29224996822,1971.176513671875,95.18196105957031,58794857.949564494,48.303581,11.886084,"https://maps.google.com/?q=48.303581,11.886084","https://earth.google.com/web/@48.303581,11.886084,500a,35y,0h,0t,0r"
59,09177,Erding,9177116,29238.740500017782,1979.7730712890625,97.49370574951172,57886071.0803441,48.370474,11.889272,"https://maps.google.com/?q=48.370474,11.889272","https://earth.google.com/web/@48.370474,11.889272,500a,35y,0h,0t,0r"
60,09189,Traunstein,9189154,30201.562400014674,1902.31396484375,41.445411682128906,57452853.91364784,47.955042,12.614589,"https://maps.google.com/?q=47.955042,12.614589","https://earth.google.com/web/@47.955042,12.614589,500a,35y,0h,0t,0r"
61,09186,Pfaffenhofen a.d.Ilm,9186147,30169.6376999986,1886.0162353515625,28.770885467529297,56900426.51687193,48.654702,11.485945,"https://maps.google.com/?q=48.654702,11.485945","https://earth.google.com/web/@48.654702,11.485945,500a,35y,0h,0t,0r"
62,09186,Pfaffenhofen a.d.Ilm,9186147,30023.119849982028,1887.396484375,29.915311813354492,56665530.854825355,48.652901,11.483908,"https://maps.google.com/?q=48.652901,11.483908","https://earth.google.com/web/@48.652901,11.483908,500a,35y,0h,0t,0r"
63,09175,Ebersberg,9175132,28776.270099971007,1955.25048828125,89.47699737548828,56264816.16388144,48.148945,11.79307,"https://maps.google.com/?q=48.148945,11.79307","https://earth.google.com/web/@48.148945,11.79307,500a,35y,0h,0t,0r"
64,09162,München (Stadt),9162000,27732.688700016202,1995.74560546875,99.77684020996094,55347391.6008902,48.17942,11.558589,"https://maps.google.com/?q=48.17942,11.558589","https://earth.google.com/web/@48.17942,11.558589,500a,35y,0h,0t,0r"
65,09175,Ebersberg,9175132,28191.962650048066,1953.0865478515625,88.5271224975586,55061343.009342566,48.154084,11.809701,"https://maps.google.com/?q=48.154084,11.809701","https://earth.google.com/web/@48.154084,11.809701,500a,35y,0h,0t,0r"
66,09162,München (Stadt),9162000,27608.400250016635,1990.0196533203125,99.26757049560547,54941259.094266534,48.197226,11.568224,"https://maps.google.com/?q=48.197226,11.568224","https://earth.google.com/web/@48.197226,11.568224,500a,35y,0h,0t,0r"
67,09171,Altötting,9171113,29063.15130001389,1879.734130859375,21.93293571472168,54630997.44896612,48.175314,12.730598,"https://maps.google.com/?q=48.175314,12.730598","https://earth.google.com/web/@48.175314,12.730598,500a,35y,0h,0t,0r"
68,09178,Freising,9178145,27494.39309994872,1972.666259765625,95.84001159667969,54237261.60100165,48.311173,11.652656,"https://maps.google.com/?q=48.311173,11.652656","https://earth.google.com/web/@48.311173,11.652656,500a,35y,0h,0t,0r"
69,09178,Freising,9178145,27423.98720003974,1976.8218994140625,96.88716125488281,54212338.4662895,48.330738,11.68656,"https://maps.google.com/?q=48.330738,11.68656","https://earth.google.com/web/@48.330738,11.68656,500a,35y,0h,0t,0r"
70,09185,Neuburg-Schrobenhausen,9185149,28570.28669998746,1874.87744140625,14.946211814880371,53565786.02831551,48.744082,11.243386,"https://maps.google.com/?q=48.744082,11.243386","https://earth.google.com/web/@48.744082,11.243386,500a,35y,0h,0t,0r"
71,09178,Freising,9178143,27486.335649909535,1938.658203125,80.04692077636719,53286610.08154425,48.470476,11.968947,"https://maps.google.com/?q=48.470476,11.968947","https://earth.google.com/web/@48.470476,11.968947,500a,35y,0h,0t,0r"
72,09179,Fürstenfeldbruck,9179118,27258.853049951103,1935.431396484375,76.94552612304688,52757640.02502923,48.159709,11.325683,"https://maps.google.com/?q=48.159709,11.325683","https://earth.google.com/web/@48.159709,11.325683,500a,35y,0h,0t,0r"
73,09187,Rosenheim (Lkr),9187177,28453.291899988373,1853.3431396484375,4.537651538848877,52733713.343257904,47.844462,12.163341,"https://maps.google.com/?q=47.844462,12.163341","https://earth.google.com/web/@47.844462,12.163341,500a,35y,0h,0t,0r"
74,09181,Landsberg am Lech,9181130,26863.706100032563,1917.958740234375,58.42870330810547,51523479.90964495,48.064722,10.837866,"https://maps.google.com/?q=48.064722,10.837866","https://earth.google.com/web/@48.064722,10.837866,500a,35y,0h,0t,0r"
75,09184,München (Lkr),9184112,26090.507749989974,1964.8319091796875,93.05332946777344,51263462.15388023,48.16363,11.734761,"https://maps.google.com/?q=48.16363,11.734761","https://earth.google.com/web/@48.16363,11.734761,500a,35y,0h,0t,0r"
76,09162,München (Stadt),9162000,25335.659199963073,1988.035888671875,98.90707397460938,50368199.75268635,48.191885,11.588533,"https://maps.google.com/?q=48.191885,11.588533","https://earth.google.com/web/@48.191885,11.588533,500a,35y,0h,0t,0r"
77,09189,Traunstein,9189152,26731.119800028384,1877.6099853515625,19.094758987426758,50190617.456162155,48.02927,12.79103,"https://maps.google.com/?q=48.02927,12.79103","https://earth.google.com/web/@48.02927,12.79103,500a,35y,0h,0t,0r"
78,09178,Freising,9178143,25700.826599990247,1941.3115234375,82.00389099121094,49893310.84043009,48.473318,11.944369,"https://maps.google.com/?q=48.473318,11.944369","https://earth.google.com/web/@48.473318,11.944369,500a,35y,0h,0t,0r"
79,09174,Dachau,9174135,26029.79080000184,1911.3406982421875,50.13161087036133,49751798.522773586,48.301856,11.213866,"https://maps.google.com/?q=48.301856,11.213866","https://earth.google.com/web/@48.301856,11.213866,500a,35y,0h,0t,0r"
80,09178,Freising,9178120,25056.617350048906,1972.6201171875,95.83428955078125,49427187.45337582,48.308944,11.635393,"https://maps.google.com/?q=48.308944,11.635393","https://earth.google.com/web/@48.308944,11.635393,500a,35y,0h,0t,0r"
81,09162,München (Stadt),9162000,24305.198600027234,1981.301513671875,97.74547576904297,48155926.776329495,48.190296,11.472245,"https://maps.google.com/?q=48.190296,11.472245","https://earth.google.com/web/@48.190296,11.472245,500a,35y,0h,0t,0r"
82,09181,Landsberg am Lech,9181130,25048.210300072606,1921.2152099609375,62.27397537231445,48123002.61079971,48.055641,10.891424,"https://maps.google.com/?q=48.055641,10.891424","https://earth.google.com/web/@48.055641,10.891424,500a,35y,0h,0t,0r"
83,09172,Berchtesgadener Land,9172111,26306.39154997224,1827.6336669921875,1.3504234552383423,48078446.85380806,47.793189,12.951207,"https://maps.google.com/?q=47.793189,12.951207","https://earth.google.com/web/@47.793189,12.951207,500a,35y,0h,0t,0r"
84,09162,München (Stadt),9162000,24180.45900003714,1982.279052734375,97.89997863769531,47932417.361276016,48.155433,11.624731,"https://maps.google.com/?q=48.155433,11.624731","https://earth.google.com/web/@48.155433,11.624731,500a,35y,0h,0t,0r"
85,09177,Erding,9177133,23846.89835001035,1996.0325927734375,99.79400634765625,47599186.34317577,48.350286,11.834832,"https://maps.google.com/?q=48.350286,11.834832","https://earth.google.com/web/@48.350286,11.834832,500a,35y,0h,0t,0r"
86,09184,München (Lkr),9184119,24151.408199957015,1970.239501953125,94.83863830566406,47584058.46334993,48.259864,11.600117,"https://maps.google.com/?q=48.259864,11.600117","https://earth.google.com/web/@48.259864,11.600117,500a,35y,0h,0t,0r"
87,09163,Rosenheim (Stadt),9163000,25623.44395000184,1849.612548828125,3.8395514488220215,47393443.4741175,47.84772,12.084554,"https://maps.google.com/?q=47.84772,12.084554","https://earth.google.com/web/@47.84772,12.084554,500a,35y,0h,0t,0r"
88,09180,Garmisch-Partenkirchen,9180124,25314.72429999465,1864.1246337890625,7.44449520111084,47189801.16519861,47.671707,11.217456,"https://maps.google.com/?q=47.671707,11.217456","https://earth.google.com/web/@47.671707,11.217456,500a,35y,0h,0t,0r"
89,09174,Dachau,9174115,24114.180750003805,1956.0684814453125,89.83177185058594,47168988.92095773,48.260984,11.475106,"https://maps.google.com/?q=48.260984,11.475106","https://earth.google.com/web/@48.260984,11.475106,500a,35y,0h,0t,0r"
90,09172,Berchtesgadener Land,9172111,25535.577999965044,1834.7080078125,1.939803123474121,46850329.44065657,47.824864,12.956859,"https://maps.google.com/?q=47.824864,12.956859","https://earth.google.com/web/@47.824864,12.956859,500a,35y,0h,0t,0r"
91,09181,Landsberg am Lech,9181130,24267.400299988432,1917.959716796875,58.434425354003906,46543896.20676221,48.065493,10.854797,"https://maps.google.com/?q=48.065493,10.854797","https://earth.google.com/web/@48.065493,10.854797,500a,35y,0h,0t,0r"
92,09187,Rosenheim (Lkr),9187125,24226.483350015398,1909.5028076171875,48.04302978515625,46260537.97554545,47.910803,12.368896,"https://maps.google.com/?q=47.910803,12.368896","https://earth.google.com/web/@47.910803,12.368896,500a,35y,0h,0t,0r"
93,09184,München (Lkr),9184114,23702.14214998159,1947.3870849609375,85.57450103759766,46157245.50878242,48.040389,11.657661,"https://maps.google.com/?q=48.040389,11.657661","https://earth.google.com/web/@48.040389,11.657661,500a,35y,0h,0t,0r"
94,09177,Erding,9177133,22797.92404999535,1996.0325927734375,99.79400634765625,45505399.45136412,48.354281,11.836469,"https://maps.google.com/?q=48.354281,11.836469","https://earth.google.com/web/@48.354281,11.836469,500a,35y,0h,0t,0r"
95,09178,Freising,9178145,23002.43719998942,1977.5062255859375,97.01304626464844,45487462.76662864,48.33115,11.691132,"https://maps.google.com/?q=48.33115,11.691132","https://earth.google.com/web/@48.33115,11.691132,500a,35y,0h,0t,0r"
96,09171,Altötting,9171132,24367.433300068038,1861.7996826171875,6.700617790222168,45367279.58426216,48.248098,12.592326,"https://maps.google.com/?q=48.248098,12.592326","https://earth.google.com/web/@48.248098,12.592326,500a,35y,0h,0t,0r"
97,09162,München (Stadt),9162000,22683.256799951458,1995.8671875,99.78256225585938,45272767.95265937,48.178329,11.562339,"https://maps.google.com/?q=48.178329,11.562339","https://earth.google.com/web/@48.178329,11.562339,500a,35y,0h,0t,0r"
98,09187,Rosenheim (Lkr),9187182,22621.02925002579,1913.448974609375,52.695125579833984,43284185.223070525,48.054486,12.181785,"https://maps.google.com/?q=48.054486,12.181785","https://earth.google.com/web/@48.054486,12.181785,500a,35y,0h,0t,0r"
99,09185,Neuburg-Schrobenhausen,9185150,22732.743850023016,1879.4000244140625,21.52666473388672,42723919.346731886,48.710903,11.113789,"https://maps.google.com/?q=48.710903,11.113789","https://earth.google.com/web/@48.710903,11.113789,500a,35y,0h,0t,0r"
100,09178,Freising,9178145,21612.6685000114,1972.666259765625,95.84001159667969,42634581.93347183,48.308719,11.656368,"https://maps.google.com/?q=48.308719,11.656368","https://earth.google.com/web/@48.308719,11.656368,500a,35y,0h,0t,0r"
101,09177,Erding,9177144,21748.4517999448,1955.90185546875,89.76310729980469,42537837.22908471,48.243554,11.945827,"https://maps.google.com/?q=48.243554,11.945827","https://earth.google.com/web/@48.243554,11.945827,500a,35y,0h,0t,0r"
102,09190,Weilheim-Schongau,9190148,21722.196150012383,1946.822021484375,85.23117065429688,42289249.81984722,47.811881,10.877829,"https://maps.google.com/?q=47.811881,10.877829","https://earth.google.com/web/@47.811881,10.877829,500a,35y,0h,0t,0r"
103,09187,Rosenheim (Lkr),9187181,22252.694650015088,1885.8323974609375,28.61638832092285,41964852.50180413,47.948089,12.187525,"https://maps.google.com/?q=47.948089,12.187525","https://earth.google.com/web/@47.948089,12.187525,500a,35y,0h,0t,0r"
104,09171,Altötting,9171135,22141.8399500312,1884.1861572265625,26.997024536132812,41719348.32937487,48.147903,12.625222,"https://maps.google.com/?q=48.147903,12.625222","https://earth.google.com/web/@48.147903,12.625222,500a,35y,0h,0t,0r"
105,09178,Freising,9178120,21024.31514997354,1972.255859375,95.67406463623047,41465328.743881896,48.304428,11.633666,"https://maps.google.com/?q=48.304428,11.633666","https://earth.google.com/web/@48.304428,11.633666,500a,35y,0h,0t,0r"
106,09184,München (Lkr),9184135,20763.94234997459,1978.6484375,97.25910186767578,41084542.0871173,48.222757,11.592557,"https://maps.google.com/?q=48.222757,11.592557","https://earth.google.com/web/@48.222757,11.592557,500a,35y,0h,0t,0r"
107,09184,München (Lkr),9184131,20756.60190002866,1963.225830078125,92.44678497314453,40749896.99478496,48.157031,11.766339,"https://maps.google.com/?q=48.157031,11.766339","https://earth.google.com/web/@48.157031,11.766339,500a,35y,0h,0t,0r"
108,09179,Fürstenfeldbruck,9179121,21043.831100012143,1928.383544921875,70.18196105957031,40580577.61537862,48.199293,11.248962,"https://maps.google.com/?q=48.199293,11.248962","https://earth.google.com/web/@48.199293,11.248962,500a,35y,0h,0t,0r"
109,09183,Mühldorf a.Inn,9183112,21714.9448499747,1868.5682373046875,9.155412673950195,40575856.22148573,48.252169,12.42767,"https://maps.google.com/?q=48.252169,12.42767","https://earth.google.com/web/@48.252169,12.42767,500a,35y,0h,0t,0r"
110,09186,Pfaffenhofen a.d.Ilm,9186122,21190.815299986687,1881.1409912109375,23.79262924194336,39862911.29798485,48.7423,11.633325,"https://maps.google.com/?q=48.7423,11.633325","https://earth.google.com/web/@48.7423,11.633325,500a,35y,0h,0t,0r"
111,09177,Erding,9177115,20723.195100012257,1917.2864990234375,57.610435485839844,39732302.18188216,48.266311,12.16203,"https://maps.google.com/?q=48.266311,12.16203","https://earth.google.com/web/@48.266311,12.16203,500a,35y,0h,0t,0r"
112,09176,Eichstätt,9176139,21158.761349993707,1869.5582275390625,9.887845993041992,39557536.36641625,48.796485,11.503121,"https://maps.google.com/?q=48.796485,11.503121","https://earth.google.com/web/@48.796485,11.503121,500a,35y,0h,0t,0r"
113,09186,Pfaffenhofen a.d.Ilm,9186149,20675.755849982965,1910.026611328125,48.63241195678711,39491243.88279062,48.608289,11.5819,"https://maps.google.com/?q=48.608289,11.5819","https://earth.google.com/web/@48.608289,11.5819,500a,35y,0h,0t,0r"
114,09190,Weilheim-Schongau,9190141,20623.555600056763,1912.3497314453125,51.3389778137207,39439451.01321602,47.768847,11.354229,"https://maps.google.com/?q=47.768847,11.354229","https://earth.google.com/web/@47.768847,11.354229,500a,35y,0h,0t,0r"
115,09189,Traunstein,9189118,20511.632149989164,1874.7310791015625,14.717326164245605,38453794.27468349,48.00855,12.804606,"https://maps.google.com/?q=48.00855,12.804606","https://earth.google.com/web/@48.00855,12.804606,500a,35y,0h,0t,0r"
116,09179,Fürstenfeldbruck,9179142,19738.29625001932,1937.2510986328125,78.7193832397461,38238036.09548985,48.230704,11.338146,"https://maps.google.com/?q=48.230704,11.338146","https://earth.google.com/web/@48.230704,11.338146,500a,35y,0h,0t,0r"
117,09174,Dachau,9174113,19625.9933501062,1934.5443115234375,75.96131896972656,37967353.79344476,48.240372,11.346638,"https://maps.google.com/?q=48.240372,11.346638","https://earth.google.com/web/@48.240372,11.346638,500a,35y,0h,0t,0r"
118,09177,Erding,9177130,19150.037150014025,1974.4930419921875,96.40650177001953,37811615.10659459,48.281611,11.811995,"https://maps.google.com/?q=48.281611,11.811995","https://earth.google.com/web/@48.281611,11.811995,500a,35y,0h,0t,0r"
119,09179,Fürstenfeldbruck,9179134,19633.022399947524,1925.766845703125,67.41817474365234,37808623.61876574,48.216706,11.284229,"https://maps.google.com/?q=48.216706,11.284229","https://earth.google.com/web/@48.216706,11.284229,500a,35y,0h,0t,0r"
120,09174,Dachau,9174135,19649.874749918723,1911.3406982421875,50.13161087036133,37557605.32488118,48.302391,11.209312,"https://maps.google.com/?q=48.302391,11.209312","https://earth.google.com/web/@48.302391,11.209312,500a,35y,0h,0t,0r"
121,09176,Eichstätt,9176114,20172.742950015087,1859.3062744140625,5.928130149841309,37507307.539105095,49.031393,11.458772,"https://maps.google.com/?q=49.031393,11.458772","https://earth.google.com/web/@49.031393,11.458772,500a,35y,0h,0t,0r"
122,09184,München (Lkr),9184119,18829.926049993694,1974.465087890625,96.39505767822266,37179031.593274765,48.265659,11.669356,"https://maps.google.com/?q=48.265659,11.669356","https://earth.google.com/web/@48.265659,11.669356,500a,35y,0h,0t,0r"
123,09184,München (Lkr),9184114,18957.116499994023,1947.3870849609375,85.57450103759766,36916843.84018825,48.038712,11.658139,"https://maps.google.com/?q=48.038712,11.658139","https://earth.google.com/web/@48.038712,11.658139,500a,35y,0h,0t,0r"
124,09163,Rosenheim (Stadt),9163000,19826.12849995397,1856.1888427734375,5.018311023712158,36801038.51700703,47.818178,12.116361,"https://maps.google.com/?q=47.818178,12.116361","https://earth.google.com/web/@47.818178,12.116361,500a,35y,0h,0t,0r"
125,09186,Pfaffenhofen a.d.Ilm,9186139,19283.27844998032,1884.2828369140625,27.12291145324707,36335150.62273272,48.758667,11.695564,"https://maps.google.com/?q=48.758667,11.695564","https://earth.google.com/web/@48.758667,11.695564,500a,35y,0h,0t,0r"
126,09181,Landsberg am Lech,9181113,18085.896299990218,1938.249755859375,79.69786834716797,35054984.087954015,47.924043,10.863187,"https://maps.google.com/?q=47.924043,10.863187","https://earth.google.com/web/@47.924043,10.863187,500a,35y,0h,0t,0r"
127,09183,Mühldorf a.Inn,9183128,18729.81154995397,1864.035400390625,7.421606540679932,34913031.771759406,48.249203,12.478286,"https://maps.google.com/?q=48.249203,12.478286","https://earth.google.com/web/@48.249203,12.478286,500a,35y,0h,0t,0r"
128,09189,Traunstein,9189157,18138.641300011226,1898.1636962890625,38.09223937988281,34430110.41569076,48.03595,12.569076,"https://maps.google.com/?q=48.03595,12.569076","https://earth.google.com/web/@48.03595,12.569076,500a,35y,0h,0t,0r"
129,09176,Eichstätt,9176129,18370.56419996856,1870.0792236328125,10.282673835754395,34354410.43677395,48.791161,11.514898,"https://maps.google.com/?q=48.791161,11.514898","https://earth.google.com/web/@48.791161,11.514898,500a,35y,0h,0t,0r"
130,09182,Miesbach,9182137,17956.62184999751,1911.82373046875,50.692378997802734,34329895.771878906,47.864073,11.791301,"https://maps.google.com/?q=47.864073,11.791301","https://earth.google.com/web/@47.864073,11.791301,500a,35y,0h,0t,0r"
131,09176,Eichstätt,9176129,18355.734099993202,1870.0792236328125,10.282673835754395,34326676.97492563,48.790268,11.515214,"https://maps.google.com/?q=48.790268,11.515214","https://earth.google.com/web/@48.790268,11.515214,500a,35y,0h,0t,0r"
132,09189,Traunstein,9189154,17921.001000057957,1902.31396484375,41.445411682128906,34091370.46638906,47.956602,12.609334,"https://maps.google.com/?q=47.956602,12.609334","https://earth.google.com/web/@47.956602,12.609334,500a,35y,0h,0t,0r"
133,09190,Weilheim-Schongau,9190140,17315.681900041523,1959.5714111328125,91.27947235107422,33931315.21559127,47.80318,10.936049,"https://maps.google.com/?q=47.80318,10.936049","https://earth.google.com/web/@47.80318,10.936049,500a,35y,0h,0t,0r"
134,09163,Rosenheim (Stadt),9163000,17971.844050011012,1853.7061767578125,4.617761611938477,33314518.323233552,47.846839,12.122288,"https://maps.google.com/?q=47.846839,12.122288","https://earth.google.com/web/@47.846839,12.122288,500a,35y,0h,0t,0r"
135,09185,Neuburg-Schrobenhausen,9185149,17762.12390000026,1873.4315185546875,13.263904571533203,33276122.750733998,48.738256,11.221298,"https://maps.google.com/?q=48.738256,11.221298","https://earth.google.com/web/@48.738256,11.221298,500a,35y,0h,0t,0r"
136,09190,Weilheim-Schongau,9190140,16864.544049987086,1952.8758544921875,88.41840362548828,32934360.872239668,47.781827,10.942578,"https://maps.google.com/?q=47.781827,10.942578","https://earth.google.com/web/@47.781827,10.942578,500a,35y,0h,0t,0r"
137,09181,Landsberg am Lech,9181130,17019.74605000306,1917.959716796875,58.434425354003906,32643187.314018603,48.069493,10.84777,"https://maps.google.com/?q=48.069493,10.84777","https://earth.google.com/web/@48.069493,10.84777,500a,35y,0h,0t,0r"
138,09185,Neuburg-Schrobenhausen,9185149,17352.65895003391,1873.3570556640625,13.172350883483887,32507726.07857817,48.738198,11.245941,"https://maps.google.com/?q=48.738198,11.245941","https://earth.google.com/web/@48.738198,11.245941,500a,35y,0h,0t,0r"
139,09185,Neuburg-Schrobenhausen,9185149,16737.5492000432,1876.941650390625,18.16777229309082,31415403.219023366,48.726644,11.171441,"https://maps.google.com/?q=48.726644,11.171441","https://earth.google.com/web/@48.726644,11.171441,500a,35y,0h,0t,0r"
140,09171,Altötting,9171118,16509.947600000385,1876.3695068359375,17.01190185546875,30978762.23609989,48.205894,12.834576,"https://maps.google.com/?q=48.205894,12.834576","https://earth.google.com/web/@48.205894,12.834576,500a,35y,0h,0t,0r"
141,09187,Rosenheim (Lkr),9187177,16698.766549968437,1851.2215576171875,4.194323539733887,30913116.62291836,47.847842,12.157936,"https://maps.google.com/?q=47.847842,12.157936","https://earth.google.com/web/@47.847842,12.157936,500a,35y,0h,0t,0r"
142,09186,Pfaffenhofen a.d.Ilm,9186122,16386.249750027593,1881.1409912109375,23.79262924194336,30824846.096996885,48.740745,11.635345,"https://maps.google.com/?q=48.740745,11.635345","https://earth.google.com/web/@48.740745,11.635345,500a,35y,0h,0t,0r"
143,09187,Rosenheim (Lkr),9187169,16393.724700028124,1853.3431396484375,4.537651538848877,30383197.206082262,47.837228,12.158132,"https://maps.google.com/?q=47.837228,12.158132","https://earth.google.com/web/@47.837228,12.158132,500a,35y,0h,0t,0r"
144,09181,Landsberg am Lech,9181130,15826.254799977323,1917.959716796875,58.434425354003906,30354119.174119692,48.068075,10.846612,"https://maps.google.com/?q=48.068075,10.846612","https://earth.google.com/web/@48.068075,10.846612,500a,35y,0h,0t,0r"
145,09183,Mühldorf a.Inn,9183112,16090.530750031106,1875.449462890625,15.775920867919922,30176977.252770923,48.24379,12.415984,"https://maps.google.com/?q=48.24379,12.415984","https://earth.google.com/web/@48.24379,12.415984,500a,35y,0h,0t,0r"
146,09185,Neuburg-Schrobenhausen,9185140,16022.660649976793,1878.182373046875,19.855802536010742,30093478.8020982,48.690691,11.455139,"https://maps.google.com/?q=48.690691,11.455139","https://earth.google.com/web/@48.690691,11.455139,500a,35y,0h,0t,0r"
147,09183,Mühldorf a.Inn,9183112,16089.847449968378,1868.5682373046875,9.155412673950195,30064977.888088733,48.252058,12.43222,"https://maps.google.com/?q=48.252058,12.43222","https://earth.google.com/web/@48.252058,12.43222,500a,35y,0h,0t,0r"
148,09185,Neuburg-Schrobenhausen,9185149,15923.934099998314,1874.87744140625,14.946211814880371,29855424.822526574,48.744059,11.246617,"https://maps.google.com/?q=48.744059,11.246617","https://earth.google.com/web/@48.744059,11.246617,500a,35y,0h,0t,0r"
149,09188,Starnberg,9188121,15368.041450048224,1928.3297119140625,70.15335083007812,29634650.942054864,48.091642,11.286339,"https://maps.google.com/?q=48.091642,11.286339","https://earth.google.com/web/@48.091642,11.286339,500a,35y,0h,0t,0r"
150,09179,Fürstenfeldbruck,9179134,15323.836149964849,1925.766845703125,67.41817474365234,29510135.606589325,48.215101,11.28384,"https://maps.google.com/?q=48.215101,11.28384","https://earth.google.com/web/@48.215101,11.28384,500a,35y,0h,0t,0r"
151,09190,Weilheim-Schongau,9190148,15123.128050003928,1946.822021484375,85.23117065429688,29442038.7214757,47.819289,10.885672,"https://maps.google.com/?q=47.819289,10.885672","https://earth.google.com/web/@47.819289,10.885672,500a,35y,0h,0t,0r"
152,09183,Mühldorf a.Inn,9183112,15542.446750019739,1868.5682373046875,9.155412673950195,29042122.32708635,48.252189,12.430528,"https://maps.google.com/?q=48.252189,12.430528","https://earth.google.com/web/@48.252189,12.430528,500a,35y,0h,0t,0r"
153,09185,Neuburg-Schrobenhausen,9185158,15241.569400008193,1889.339111328125,31.431676864624023,28796493.185457423,48.556452,11.261575,"https://maps.google.com/?q=48.556452,11.261575","https://earth.google.com/web/@48.556452,11.261575,500a,35y,0h,0t,0r"
154,09179,Fürstenfeldbruck,9179142,14715.708550059364,1935.102783203125,76.54497528076172,28476408.5720259,48.221449,11.332524,"https://maps.google.com/?q=48.221449,11.332524","https://earth.google.com/web/@48.221449,11.332524,500a,35y,0h,0t,0r"
155,09185,Neuburg-Schrobenhausen,9185149,15076.905999996889,1873.4315185546875,13.263904571533203,28245550.90268045,48.7391,11.232563,"https://maps.google.com/?q=48.7391,11.232563","https://earth.google.com/web/@48.7391,11.232563,500a,35y,0h,0t,0r"
156,09182,Miesbach,9182116,14714.249850028158,1915.7415771484375,55.63058090209961,28188700.214249104,47.77944,11.715392,"https://maps.google.com/?q=47.77944,11.715392","https://earth.google.com/web/@47.77944,11.715392,500a,35y,0h,0t,0r"
157,09181,Landsberg am Lech,9181130,14524.767549987899,1917.958740234375,58.42870330810547,27857904.87237192,48.068689,10.835843,"https://maps.google.com/?q=48.068689,10.835843","https://earth.google.com/web/@48.068689,10.835843,500a,35y,0h,0t,0r"
158,09187,Rosenheim (Lkr),9187125,14508.960100008402,1914.06689453125,53.507667541503906,27771120.201500896,47.928981,12.375885,"https://maps.google.com/?q=47.928981,12.375885","https://earth.google.com/web/@47.928981,12.375885,500a,35y,0h,0t,0r"
159,09181,Landsberg am Lech,9181113,14190.74349999924,1938.249755859375,79.69786834716797,27505205.12433654,47.925141,10.861454,"https://maps.google.com/?q=47.925141,10.861454","https://earth.google.com/web/@47.925141,10.861454,500a,35y,0h,0t,0r"
160,09172,Berchtesgadener Land,9172118,14863.646949990718,1836.300537109375,2.117189407348633,27294122.87767208,47.825938,12.962664,"https://maps.google.com/?q=47.825938,12.962664","https://earth.google.com/web/@47.825938,12.962664,500a,35y,0h,0t,0r"
161,09181,Landsberg am Lech,9181144,14224.186550001416,1918.2056884765625,58.80064010620117,27284915.554164525,48.031897,11.086901,"https://maps.google.com/?q=48.031897,11.086901","https://earth.google.com/web/@48.031897,11.086901,500a,35y,0h,0t,0r"
162,09179,Fürstenfeldbruck,9179117,14192.121249965685,1909.6490478515625,48.203250885009766,27101970.831990898,48.261522,11.18505,"https://maps.google.com/?q=48.261522,11.18505","https://earth.google.com/web/@48.261522,11.18505,500a,35y,0h,0t,0r"
163,09182,Miesbach,9182119,14170.407650025609,1908.4078369140625,46.927215576171875,27042917.011575855,47.76803,11.827135,"https://maps.google.com/?q=47.76803,11.827135","https://earth.google.com/web/@47.76803,11.827135,500a,35y,0h,0t,0r"
164,09176,Eichstätt,9176139,14455.97660000415,1870.0792236328125,10.282673835754395,27033821.49698987,48.795729,11.513526,"https://maps.google.com/?q=48.795729,11.513526","https://earth.google.com/web/@48.795729,11.513526,500a,35y,0h,0t,0r"
165,09187,Rosenheim (Lkr),9187165,14415.670149988819,1862.454833984375,6.89517068862915,26848534.555970937,47.796757,12.119238,"https://maps.google.com/?q=47.796757,12.119238","https://earth.google.com/web/@47.796757,12.119238,500a,35y,0h,0t,0r"
166,09173,Bad Tölz-Wolfratshausen,9173147,13432.07070002003,1938.1483154296875,79.60631561279297,26033345.199976284,47.902947,11.429279,"https://maps.google.com/?q=47.902947,11.429279","https://earth.google.com/web/@47.902947,11.429279,500a,35y,0h,0t,0r"
167,09176,Eichstätt,9176139,13648.979700047688,1870.0792236328125,10.282673835754395,25524673.3608452,48.797021,11.51321,"https://maps.google.com/?q=48.797021,11.51321","https://earth.google.com/web/@48.797021,11.51321,500a,35y,0h,0t,0r"
168,09182,Miesbach,9182127,13169.342650012366,1924.630859375,66.07919311523438,25346123.26189714,47.916853,11.676939,"https://maps.google.com/?q=47.916853,11.676939","https://earth.google.com/web/@47.916853,11.676939,500a,35y,0h,0t,0r"
169,09189,Traunstein,9189143,13013.68420003514,1911.4794921875,50.26893997192383,24875390.466171663,47.940006,12.477169,"https://maps.google.com/?q=47.940006,12.477169","https://earth.google.com/web/@47.940006,12.477169,500a,35y,0h,0t,0r"
170,09179,Fürstenfeldbruck,9179142,12818.04174990558,1937.2510986328125,78.7193832397461,24831765.462325845,48.228586,11.339687,"https://maps.google.com/?q=48.228586,11.339687","https://earth.google.com/web/@48.228586,11.339687,500a,35y,0h,0t,0r"
171,09182,Miesbach,9182120,12910.19854999741,1921.8671875,62.846187591552734,24811686.9773501,47.878897,11.718037,"https://maps.google.com/?q=47.878897,11.718037","https://earth.google.com/web/@47.878897,11.718037,500a,35y,0h,0t,0r"
172,09189,Traunstein,9189120,13042.786599973619,1894.2913818359375,35.2712287902832,24706838.251455273,47.777978,12.47251,"https://maps.google.com/?q=47.777978,12.47251","https://earth.google.com/web/@47.777978,12.47251,500a,35y,0h,0t,0r"
173,09190,Weilheim-Schongau,9190148,12623.99479996925,1947.9796142578125,85.92927551269531,24591284.52083673,47.803868,10.863749,"https://maps.google.com/?q=47.803868,10.863749","https://earth.google.com/web/@47.803868,10.863749,500a,35y,0h,0t,0r"
174,09189,Traunstein,9189154,12928.410399977845,1901.253173828125,40.58708953857422,24580181.305510417,47.964695,12.596106,"https://maps.google.com/?q=47.964695,12.596106","https://earth.google.com/web/@47.964695,12.596106,500a,35y,0h,0t,0r"
175,09190,Weilheim-Schongau,9190148,12526.369549989975,1946.822021484375,85.23117065429688,24386612.089171804,47.811389,10.875646,"https://maps.google.com/?q=47.811389,10.875646","https://earth.google.com/web/@47.811389,10.875646,500a,35y,0h,0t,0r"
176,09176,Eichstätt,9176129,13033.475250053503,1869.5582275390625,9.887845993041992,24366840.88716427,48.78867,11.506249,"https://maps.google.com/?q=48.78867,11.506249","https://earth.google.com/web/@48.78867,11.506249,500a,35y,0h,0t,0r"
177,09190,Weilheim-Schongau,9190148,12345.145449950467,1949.0010986328125,86.5472640991211,24060702.044735327,47.804766,10.902322,"https://maps.google.com/?q=47.804766,10.902322","https://earth.google.com/web/@47.804766,10.902322,500a,35y,0h,0t,0r"
178,09187,Rosenheim (Lkr),9187165,12811.291750011762,1862.454833984375,6.89517068862915,23860452.24939355,47.793139,12.121966,"https://maps.google.com/?q=47.793139,12.121966","https://earth.google.com/web/@47.793139,12.121966,500a,35y,0h,0t,0r"
179,09180,Garmisch-Partenkirchen,9180117,13332.160599994699,1786.2640380859375,0.2403295934200287,23814759.029756766,47.483544,11.128254,"https://maps.google.com/?q=47.483544,11.128254","https://earth.google.com/web/@47.483544,11.128254,500a,35y,0h,0t,0r"
180,09190,Weilheim-Schongau,9190148,12043.942899983344,1943.345703125,83.2799301147461,23405544.683365483,47.801066,10.863467,"https://maps.google.com/?q=47.801066,10.863467","https://earth.google.com/web/@47.801066,10.863467,500a,35y,0h,0t,0r"
181,09182,Miesbach,9182120,12107.339750019251,1924.5501708984375,66.01052856445312,23301182.785024997,47.881567,11.702414,"https://maps.google.com/?q=47.881567,11.702414","https://earth.google.com/web/@47.881567,11.702414,500a,35y,0h,0t,0r"
182,09187,Rosenheim (Lkr),9187169,12311.941649982875,1869.6236572265625,9.962233543395996,23018697.37520102,47.791686,12.181576,"https://maps.google.com/?q=47.791686,12.181576","https://earth.google.com/web/@47.791686,12.181576,500a,35y,0h,0t,0r"
183,09190,Weilheim-Schongau,9190148,11786.508049987537,1950.7900390625,87.42847442626953,22993002.49924566,47.817862,10.903695,"https://maps.google.com/?q=47.817862,10.903695","https://earth.google.com/web/@47.817862,10.903695,500a,35y,0h,0t,0r"
184,09182,Miesbach,9182125,11775.218700038033,1913.0037841796875,52.105743408203125,22526037.932716176,47.783386,11.787113,"https://maps.google.com/?q=47.783386,11.787113","https://earth.google.com/web/@47.783386,11.787113,500a,35y,0h,0t,0r"
185,09173,Bad Tölz-Wolfratshausen,9173126,11538.895600090198,1938.7457275390625,80.12702941894531,22370984.545194156,47.889033,11.436204,"https://maps.google.com/?q=47.889033,11.436204","https://earth.google.com/web/@47.889033,11.436204,500a,35y,0h,0t,0r"
186,09173,Bad Tölz-Wolfratshausen,9173112,11609.216550005662,1910.3782958984375,48.93568420410156,22177995.329515755,47.751767,11.5608,"https://maps.google.com/?q=47.751767,11.5608","https://earth.google.com/web/@47.751767,11.5608,500a,35y,0h,0t,0r"
187,09174,Dachau,9174126,11052.115249997853,1968.7855224609375,94.36370086669922,21759244.496765517,48.222759,11.48379,"https://maps.google.com/?q=48.222759,11.48379","https://earth.google.com/web/@48.222759,11.48379,500a,35y,0h,0t,0r"
188,09174,Dachau,9174146,11185.026100054492,1922.0362548828125,63.08079528808594,21498025.67611525,48.281224,11.256145,"https://maps.google.com/?q=48.281224,11.256145","https://earth.google.com/web/@48.281224,11.256145,500a,35y,0h,0t,0r"
189,09173,Bad Tölz-Wolfratshausen,9173147,11014.322049968536,1940.6241455078125,81.49462127685547,21374659.316568047,47.901386,11.424171,"https://maps.google.com/?q=47.901386,11.424171","https://earth.google.com/web/@47.901386,11.424171,500a,35y,0h,0t,0r"
190,09163,Rosenheim (Stadt),9163000,11524.076949952794,1848.2379150390625,3.633554697036743,21299235.95473047,47.851368,12.142281,"https://maps.google.com/?q=47.851368,12.142281","https://earth.google.com/web/@47.851368,12.142281,500a,35y,0h,0t,0r"
191,09163,Rosenheim (Stadt),9163000,11149.80249996898,1849.727783203125,3.856717824935913,20624099.461420283,47.860199,12.131882,"https://maps.google.com/?q=47.860199,12.131882","https://earth.google.com/web/@47.860199,12.131882,500a,35y,0h,0t,0r"
192,09182,Miesbach,9182116,10774.758900007602,1913.46142578125,52.718013763427734,20617085.52725776,47.759122,11.745196,"https://maps.google.com/?q=47.759122,11.745196","https://earth.google.com/web/@47.759122,11.745196,500a,35y,0h,0t,0r"
193,09174,Dachau,9174113,10572.627699972765,1934.5443115234375,75.96131896972656,20453216.774837438,48.240308,11.344082,"https://maps.google.com/?q=48.240308,11.344082","https://earth.google.com/web/@48.240308,11.344082,500a,35y,0h,0t,0r"
194,09163,Rosenheim (Stadt),9163000,10702.864400005357,1850.0213623046875,3.908216953277588,19800527.777860254,47.867639,12.105588,"https://maps.google.com/?q=47.867639,12.105588","https://earth.google.com/web/@47.867639,12.105588,500a,35y,0h,0t,0r"
195,09188,Starnberg,9188121,9995.897799976447,1933.04052734375,74.42206573486328,19322475.5545407,48.091382,11.290334,"https://maps.google.com/?q=48.091382,11.290334","https://earth.google.com/web/@48.091382,11.290334,500a,35y,0h,0t,0r"
196,09163,Rosenheim (Stadt),9163000,9993.469300039551,1849.612548828125,3.8395514488220215,18484046.22368177,47.845455,12.088581,"https://maps.google.com/?q=47.845455,12.088581","https://earth.google.com/web/@47.845455,12.088581,500a,35y,0h,0t,0r"
197,09180,Garmisch-Partenkirchen,9180126,10147.504399996847,1799.6334228515625,0.3833829164505005,18261788.076767616,47.559774,11.124406,"https://maps.google.com/?q=47.559774,11.124406","https://earth.google.com/web/@47.559774,11.124406,500a,35y,0h,0t,0r"
198,09182,Miesbach,9182125,9255.914100010543,1909.4013671875,47.917144775390625,17673255.03713019,47.789087,11.844238,"https://maps.google.com/?q=47.789087,11.844238","https://earth.google.com/web/@47.789087,11.844238,500a,35y,0h,0t,0r"
199,09188,Starnberg,9188120,9047.744949964685,1933.04052734375,74.42206573486328,17489657.669351485,48.088524,11.298677,"https://maps.google.com/?q=48.088524,11.298677","https://earth.google.com/web/@48.088524,11.298677,500a,35y,0h,0t,0r"
200,09188,Starnberg,9188124,9053.920849961984,1917.120849609375,57.427330017089844,17357460.432175152,48.011166,11.164387,"https://maps.google.com/?q=48.011166,11.164387","https://earth.google.com/web/@48.011166,11.164387,500a,35y,0h,0t,0r"
201,09188,Starnberg,9188139,8874.283600020328,1952.2437744140625,88.10940551757812,17324764.9105245,48.015747,11.423091,"https://maps.google.com/?q=48.015747,11.423091","https://earth.google.com/web/@48.015747,11.423091,500a,35y,0h,0t,0r"
202,09173,Bad Tölz-Wolfratshausen,9173123,8858.568699982105,1944.0240478515625,83.62897491455078,17221270.582310364,47.85455,11.40726,"https://maps.google.com/?q=47.85455,11.40726","https://earth.google.com/web/@47.85455,11.40726,500a,35y,0h,0t,0r"
203,09172,Berchtesgadener Land,9172117,9148.463600012163,1859.661865234375,6.0139617919921875,17013048.8824274,47.668635,12.944397,"https://maps.google.com/?q=47.668635,12.944397","https://earth.google.com/web/@47.668635,12.944397,500a,35y,0h,0t,0r"
204,09163,Rosenheim (Stadt),9163000,9087.545449994403,1853.7061767578125,4.617761611938477,16845639.13222198,47.838484,12.12044,"https://maps.google.com/?q=47.838484,12.12044","https://earth.google.com/web/@47.838484,12.12044,500a,35y,0h,0t,0r"
205,09173,Bad Tölz-Wolfratshausen,9173126,8625.629649967252,1938.9776611328125,80.27581024169922,16724903.204491341,47.885477,11.444924,"https://maps.google.com/?q=47.885477,11.444924","https://earth.google.com/web/@47.885477,11.444924,500a,35y,0h,0t,0r"
206,09173,Bad Tölz-Wolfratshausen,9173112,8691.216499999025,1913.55712890625,52.87823486328125,16631139.292440763,47.756989,11.551471,"https://maps.google.com/?q=47.756989,11.551471","https://earth.google.com/web/@47.756989,11.551471,500a,35y,0h,0t,0r"
207,09172,Berchtesgadener Land,9172134,8973.322899997313,1849.3338623046875,3.7994964122772217,16594669.896359129,47.847707,12.823363,"https://maps.google.com/?q=47.847707,12.823363","https://earth.google.com/web/@47.847707,12.823363,500a,35y,0h,0t,0r"
208,09173,Bad Tölz-Wolfratshausen,9173147,8517.765300011519,1938.1483154296875,79.60631561279297,16508692.467442771,47.904614,11.427127,"https://maps.google.com/?q=47.904614,11.427127","https://earth.google.com/web/@47.904614,11.427127,500a,35y,0h,0t,0r"
209,09172,Berchtesgadener Land,9172111,8902.63625002614,1829.006103515625,1.441977620124817,16282976.038677266,47.796519,12.952173,"https://maps.google.com/?q=47.796519,12.952173","https://earth.google.com/web/@47.796519,12.952173,500a,35y,0h,0t,0r"
210,09182,Miesbach,9182134,8357.52330001583,1923.0052490234375,64.31678009033203,16071561.174766121,47.811323,11.675364,"https://maps.google.com/?q=47.811323,11.675364","https://earth.google.com/web/@47.811323,11.675364,500a,35y,0h,0t,0r"
211,09180,Garmisch-Partenkirchen,9180117,9093.678799989117,1758.294189453125,0.02861066535115242,15989362.59477393,47.481894,11.064252,"https://maps.google.com/?q=47.481894,11.064252","https://earth.google.com/web/@47.481894,11.064252,500a,35y,0h,0t,0r"
212,09163,Rosenheim (Stadt),9163000,8594.524599980763,1848.2379150390625,3.633554697036743,15884726.227420378,47.849574,12.139786,"https://maps.google.com/?q=47.849574,12.139786","https://earth.google.com/web/@47.849574,12.139786,500a,35y,0h,0t,0r"
213,09173,Bad Tölz-Wolfratshausen,9173147,7951.925749979256,1938.1483154296875,79.60631561279297,15412011.496744249,47.901004,11.425677,"https://maps.google.com/?q=47.901004,11.425677","https://earth.google.com/web/@47.901004,11.425677,500a,35y,0h,0t,0r"
214,09173,Bad Tölz-Wolfratshausen,9173147,7844.397099996556,1938.1483154296875,79.60631561279297,15203605.02491985,47.90534,11.431791,"https://maps.google.com/?q=47.90534,11.431791","https://earth.google.com/web/@47.90534,11.431791,500a,35y,0h,0t,0r"
215,09188,Starnberg,9188120,7699.7784999582545,1943.080810546875,83.06820678710938,14961291.848730287,48.066225,11.352588,"https://maps.google.com/?q=48.066225,11.352588","https://earth.google.com/web/@48.066225,11.352588,500a,35y,0h,0t,0r"
216,09172,Berchtesgadener Land,9172132,7884.755500016351,1879.94775390625,22.190433502197266,14822928.39235569,47.602312,12.979323,"https://maps.google.com/?q=47.602312,12.979323","https://earth.google.com/web/@47.602312,12.979323,500a,35y,0h,0t,0r"
217,09188,Starnberg,9188120,7447.694050021764,1953.445068359375,88.67589569091797,14548661.212664476,48.06967,11.407761,"https://maps.google.com/?q=48.06967,11.407761","https://earth.google.com/web/@48.06967,11.407761,500a,35y,0h,0t,0r"
218,09188,Starnberg,9188139,7358.058599992913,1952.2437744140625,88.10940551757812,14364724.093610017,48.0149,11.422484,"https://maps.google.com/?q=48.0149,11.422484","https://earth.google.com/web/@48.0149,11.422484,500a,35y,0h,0t,0r"
219,09188,Starnberg,9188121,7225.878699985506,1930.83154296875,72.42504119873047,13951954.519598039,48.104988,11.285892,"https://maps.google.com/?q=48.104988,11.285892","https://earth.google.com/web/@48.104988,11.285892,500a,35y,0h,0t,0r"
220,09172,Berchtesgadener Land,9172116,7411.040249996054,1880.04931640625,22.29343032836914,13933121.155864285,47.633856,13.046523,"https://maps.google.com/?q=47.633856,13.046523","https://earth.google.com/web/@47.633856,13.046523,500a,35y,0h,0t,0r"
221,09172,Berchtesgadener Land,9172117,7304.141399991362,1859.0374755859375,5.859464645385742,13578672.589562677,47.639327,12.960965,"https://maps.google.com/?q=47.639327,12.960965","https://earth.google.com/web/@47.639327,12.960965,500a,35y,0h,0t,0r"
222,09172,Berchtesgadener Land,9172118,7364.7805000046965,1838.93896484375,2.4319067001342773,13543381.828980071,47.856368,12.962806,"https://maps.google.com/?q=47.856368,12.962806","https://earth.google.com/web/@47.856368,12.962806,500a,35y,0h,0t,0r"
223,09163,Rosenheim (Stadt),9163000,7302.068749974645,1849.612548828125,3.8395514488220215,13505997.992358804,47.846179,12.086387,"https://maps.google.com/?q=47.846179,12.086387","https://earth.google.com/web/@47.846179,12.086387,500a,35y,0h,0t,0r"
224,09188,Starnberg,9188137,6761.9389999515515,1939.2642822265625,80.45891571044922,13113186.781200845,47.983854,11.304028,"https://maps.google.com/?q=47.983854,11.304028","https://earth.google.com/web/@47.983854,11.304028,500a,35y,0h,0t,0r"
225,09180,Garmisch-Partenkirchen,9180117,6666.185500011013,1756.2021484375,0.01716640032827854,11707169.29700225,47.499479,11.08443,"https://maps.google.com/?q=47.499479,11.08443","https://earth.google.com/web/@47.499479,11.08443,500a,35y,0h,0t,0r"
226,09180,Garmisch-Partenkirchen,9180122,6161.906100001938,1839.9205322265625,2.56923770904541,11337417.55104567,47.472022,11.214312,"https://maps.google.com/?q=47.472022,11.214312","https://earth.google.com/web/@47.472022,11.214312,500a,35y,0h,0t,0r"
227,09180,Garmisch-Partenkirchen,9180114,5581.528699968624,1828.0751953125,1.379034161567688,10203454.168337466,47.612817,11.195173,"https://maps.google.com/?q=47.612817,11.195173","https://earth.google.com/web/@47.612817,11.195173,500a,35y,0h,0t,0r"
228,09180,Garmisch-Partenkirchen,9180124,5343.25690001321,1869.4384765625,9.819180488586426,9988890.039042762,47.682802,11.200417,"https://maps.google.com/?q=47.682802,11.200417","https://earth.google.com/web/@47.682802,11.200417,500a,35y,0h,0t,0r"
229,09180,Garmisch-Partenkirchen,9180125,5319.927799984081,1822.9991455078125,1.064316749572754,9698223.833534235,47.591065,11.075407,"https://maps.google.com/?q=47.591065,11.075407","https://earth.google.com/web/@47.591065,11.075407,500a,35y,0h,0t,0r"
230,09180,Garmisch-Partenkirchen,9180124,4769.875449981197,1869.4384765625,9.819180488586426,8916988.694605717,47.685223,11.198808,"https://maps.google.com/?q=47.685223,11.198808","https://earth.google.com/web/@47.685223,11.198808,500a,35y,0h,0t,0r"
